"","X","ID","Log2FC","Log10P.Value","Log10adj.P.Val","P.Value","adj.P.Val","AveExpr","t","B","Protein.Ids","Genes","name","sequence","length","start","end","control_1","control_2","control_3","control_4","D1_1","D1_2","D1_3","D1_4","UID","is.kinase","is.contam","abs","in.domain"
"1",97,55044,-2.0742751542377,5.98693434550405,2.95249320113507,1.03054190090374e-06,0.00111559561582451,14.4857971463641,-9.6848019241592,4.91191259729947,"P12931;P07947;P06239;P06241","YES1","Tyrosine-protein kinase Yes","LIEDNEYTAR",10,420,429,15.4457746738425,15.7146345849556,15.2990756221425,15.6322540129913,13.3896044531538,13.7183937370488,13.739390354389,12.9472497323894,"P12931","yes","no",2.0742751542377,"Protein kinase"
"2",116,61052,1.32304712135214,5.37777416350227,2.41886444539788,4.19011397651131e-06,0.00381184782511453,16.4549326837343,8.38966217702227,3.95473826744671,"P07947","YES1","Tyrosine-protein kinase Yes","LTTVCPTVKPQTQGLAK",17,251,267,15.3347132346191,15.8740519965662,16.0246310853649,15.9402401756828,16.8345821513963,17.175822408135,17.2082438858274,17.247176532283,"P07947","yes","no",1.32304712135214,"SH2"
"3",140,28315,1.22099251856745,4.94677629094852,2.06953661929544,1.13037803277452e-05,0.00852046664590214,15.2730537533392,7.55588428905623,3.22741405076536,"P07947;P06241;P09769","YES1","Tyrosine-protein kinase Yes","GAYSLSIR",8,192,199,14.7151040092362,14.3215969696498,14.7498798998838,14.8636490974523,15.7221671397819,16.1194883043296,15.7881498893967,15.9043947169837,"P07947","yes","no",1.22099251856745,"SH2"
"4",150,6049,1.19464630745362,4.54244014884481,1.69860932172926,2.86787257668774e-05,0.0200166169471246,15.7002841439951,6.82849383115418,2.51074040520981,"P07947","YES1","Tyrosine-protein kinase Yes","AQFDTLQK",8,228,235,15.2214549587876,15.3550654200308,14.5987562240653,15.2365673581894,16.0705926789492,16.4063594861848,16.428428877064,16.2850481486896,"P07947","yes","no",1.19464630745362,"SH2"
"5",621,37463,1.10620230035239,2.18720337979349,5.64600963100213e-05,0.00649825306353698,0.999870004274064,13.4776579540328,3.34944026012373,-2.13057532886239,"P07947","YES1","Tyrosine-protein kinase Yes","HYTEHADGLCHK",12,239,250,12.4802777463888,13.8351720799907,12.880159370243,12.502618018804,13.5241498912852,14.3005527618468,14.0306326545958,14.2677011091082,"P07947","yes","no",1.10620230035239,"SH2"
