"","...1","ID","Log2FC","Log10P.Value","Log10adj.P.Val","P.Value","adj.P.Val","AveExpr","t","B","Protein.Ids","Genes","name","sequence","length","start","end","control_1","control_2","control_3","control_4","D1_1","D1_2","D1_3","D1_4","UID","abs","in.domain"
"1",5,18009,-1.55746609551755,5.64289156168583,1.9554511856497,2.27566556723904e-06,0.0110802309928017,16.286837765569,-9.34761041854702,0.0849308566530063,"P02918","mrcA","Penicillin-binding protein 1A","NSPPQYAGPIR",11,506,516,16.9622769809547,16.9711550768485,17.3409610262314,16.9878901692766,15.8459898111613,15.289327293812,15.6747219242885,15.2223798419791,"P02918",1.55746609551755,"Transpeptidase"
"2",24006,21207,-0.0401381073389544,0.0546851996391285,0.00012633795721593,0.881687736866221,0.999709138411471,13.7662170190504,-0.152546741935238,-5.14722590650226,"P02918","mrcA","Penicillin-binding protein 1A","SDTQQGPTPR",10,387,396,13.4384929925013,13.4796160824576,13.9908042173632,14.2362309985573,14.1817812018908,13.8479675545506,13.4134560434596,13.5413870616225,"P02918",0.0401381073389544,"no"
"3",27006,17861,0.00272320664865155,0.00530143790361778,0.00012633795721593,0.987867191440784,0.999709138411471,14.8006734537638,0.0155779783651121,-5.15572522600132,"P02918","mrcA","Penicillin-binding protein 1A","NNVLDYDMR",9,305,313,14.391794028867,15.0140553513014,14.9311160692036,14.860281952386,14.8121472156211,14.7538539519907,14.7799860403273,14.8621530204136,"P02918",0.00272320664865155,"no"
